"ID"|"Line"|"Link"|"Type"|"Message"
00004|67|"=HYPERLINK(""https://github.com/nimakarimipour/BenchmarkJavaGradle/blob/af21eedf31cc9778b6daf9084c205cb8ccad018e/src/main/java/org/owasp/benchmark/testcode/BenchmarkTest00004.java#L67"",""Github"")"|argument|incompatible argument for parameter arg1 of setAttribute.
00099|78|"=HYPERLINK(""https://github.com/nimakarimipour/BenchmarkJavaGradle/blob/af21eedf31cc9778b6daf9084c205cb8ccad018e/src/main/java/org/owasp/benchmark/testcode/BenchmarkTest00099.java#L78"",""Github"")"|argument|incompatible argument for parameter arg0 of setAttribute.
00171|82|"=HYPERLINK(""https://github.com/nimakarimipour/BenchmarkJavaGradle/blob/af21eedf31cc9778b6daf9084c205cb8ccad018e/src/main/java/org/owasp/benchmark/testcode/BenchmarkTest00171.java#L82"",""Github"")"|argument|incompatible argument for parameter dir of exec.
00172|67|"=HYPERLINK(""https://github.com/nimakarimipour/BenchmarkJavaGradle/blob/af21eedf31cc9778b6daf9084c205cb8ccad018e/src/main/java/org/owasp/benchmark/testcode/BenchmarkTest00172.java#L67"",""Github"")"|argument|incompatible argument for parameter dir of exec.
00176|63|"=HYPERLINK(""https://github.com/nimakarimipour/BenchmarkJavaGradle/blob/af21eedf31cc9778b6daf9084c205cb8ccad018e/src/main/java/org/owasp/benchmark/testcode/BenchmarkTest00176.java#L63"",""Github"")"|argument|incompatible argument for parameter dir of exec.
00177|68|"=HYPERLINK(""https://github.com/nimakarimipour/BenchmarkJavaGradle/blob/af21eedf31cc9778b6daf9084c205cb8ccad018e/src/main/java/org/owasp/benchmark/testcode/BenchmarkTest00177.java#L68"",""Github"")"|argument|incompatible argument for parameter dir of exec.
00189|75|"=HYPERLINK(""https://github.com/nimakarimipour/BenchmarkJavaGradle/blob/af21eedf31cc9778b6daf9084c205cb8ccad018e/src/main/java/org/owasp/benchmark/testcode/BenchmarkTest00189.java#L75"",""Github"")"|argument|incompatible argument for parameter arg0 of setAttribute.
00252|74|"=HYPERLINK(""https://github.com/nimakarimipour/BenchmarkJavaGradle/blob/af21eedf31cc9778b6daf9084c205cb8ccad018e/src/main/java/org/owasp/benchmark/testcode/BenchmarkTest00252.java#L74"",""Github"")"|argument|incompatible argument for parameter arg1 of setAttribute.
00253|83|"=HYPERLINK(""https://github.com/nimakarimipour/BenchmarkJavaGradle/blob/af21eedf31cc9778b6daf9084c205cb8ccad018e/src/main/java/org/owasp/benchmark/testcode/BenchmarkTest00253.java#L83"",""Github"")"|argument|incompatible argument for parameter arg0 of setAttribute.
00304|88|"=HYPERLINK(""https://github.com/nimakarimipour/BenchmarkJavaGradle/blob/af21eedf31cc9778b6daf9084c205cb8ccad018e/src/main/java/org/owasp/benchmark/testcode/BenchmarkTest00304.java#L88"",""Github"")"|argument|incompatible argument for parameter dir of exec.
00305|99|"=HYPERLINK(""https://github.com/nimakarimipour/BenchmarkJavaGradle/blob/af21eedf31cc9778b6daf9084c205cb8ccad018e/src/main/java/org/owasp/benchmark/testcode/BenchmarkTest00305.java#L99"",""Github"")"|argument|incompatible argument for parameter dir of exec.
00306|69|"=HYPERLINK(""https://github.com/nimakarimipour/BenchmarkJavaGradle/blob/af21eedf31cc9778b6daf9084c205cb8ccad018e/src/main/java/org/owasp/benchmark/testcode/BenchmarkTest00306.java#L69"",""Github"")"|argument|incompatible argument for parameter dir of exec.
00310|84|"=HYPERLINK(""https://github.com/nimakarimipour/BenchmarkJavaGradle/blob/af21eedf31cc9778b6daf9084c205cb8ccad018e/src/main/java/org/owasp/benchmark/testcode/BenchmarkTest00310.java#L84"",""Github"")"|argument|incompatible argument for parameter dir of exec.
00311|80|"=HYPERLINK(""https://github.com/nimakarimipour/BenchmarkJavaGradle/blob/af21eedf31cc9778b6daf9084c205cb8ccad018e/src/main/java/org/owasp/benchmark/testcode/BenchmarkTest00311.java#L80"",""Github"")"|argument|incompatible argument for parameter dir of exec.
00326|61|"=HYPERLINK(""https://github.com/nimakarimipour/BenchmarkJavaGradle/blob/af21eedf31cc9778b6daf9084c205cb8ccad018e/src/main/java/org/owasp/benchmark/testcode/BenchmarkTest00326.java#L61"",""Github"")"|argument|incompatible argument for parameter arg1 of setAttribute.
00327|58|"=HYPERLINK(""https://github.com/nimakarimipour/BenchmarkJavaGradle/blob/af21eedf31cc9778b6daf9084c205cb8ccad018e/src/main/java/org/owasp/benchmark/testcode/BenchmarkTest00327.java#L58"",""Github"")"|argument|incompatible argument for parameter arg0 of setAttribute.
00409|90|"=HYPERLINK(""https://github.com/nimakarimipour/BenchmarkJavaGradle/blob/af21eedf31cc9778b6daf9084c205cb8ccad018e/src/main/java/org/owasp/benchmark/testcode/BenchmarkTest00409.java#L90"",""Github"")"|argument|incompatible argument for parameter dir of exec.
00412|64|"=HYPERLINK(""https://github.com/nimakarimipour/BenchmarkJavaGradle/blob/af21eedf31cc9778b6daf9084c205cb8ccad018e/src/main/java/org/owasp/benchmark/testcode/BenchmarkTest00412.java#L64"",""Github"")"|argument|incompatible argument for parameter dir of exec.
00426|54|"=HYPERLINK(""https://github.com/nimakarimipour/BenchmarkJavaGradle/blob/af21eedf31cc9778b6daf9084c205cb8ccad018e/src/main/java/org/owasp/benchmark/testcode/BenchmarkTest00426.java#L54"",""Github"")"|argument|incompatible argument for parameter arg1 of setAttribute.
00427|69|"=HYPERLINK(""https://github.com/nimakarimipour/BenchmarkJavaGradle/blob/af21eedf31cc9778b6daf9084c205cb8ccad018e/src/main/java/org/owasp/benchmark/testcode/BenchmarkTest00427.java#L69"",""Github"")"|argument|incompatible argument for parameter arg0 of setAttribute.
00498|67|"=HYPERLINK(""https://github.com/nimakarimipour/BenchmarkJavaGradle/blob/af21eedf31cc9778b6daf9084c205cb8ccad018e/src/main/java/org/owasp/benchmark/testcode/BenchmarkTest00498.java#L67"",""Github"")"|argument|incompatible argument for parameter dir of exec.
00500|67|"=HYPERLINK(""https://github.com/nimakarimipour/BenchmarkJavaGradle/blob/af21eedf31cc9778b6daf9084c205cb8ccad018e/src/main/java/org/owasp/benchmark/testcode/BenchmarkTest00500.java#L67"",""Github"")"|argument|incompatible argument for parameter dir of exec.
00508|54|"=HYPERLINK(""https://github.com/nimakarimipour/BenchmarkJavaGradle/blob/af21eedf31cc9778b6daf9084c205cb8ccad018e/src/main/java/org/owasp/benchmark/testcode/BenchmarkTest00508.java#L54"",""Github"")"|argument|incompatible argument for parameter arg0 of setAttribute.
00570|81|"=HYPERLINK(""https://github.com/nimakarimipour/BenchmarkJavaGradle/blob/af21eedf31cc9778b6daf9084c205cb8ccad018e/src/main/java/org/owasp/benchmark/testcode/BenchmarkTest00570.java#L81"",""Github"")"|argument|incompatible argument for parameter dir of exec.
00571|76|"=HYPERLINK(""https://github.com/nimakarimipour/BenchmarkJavaGradle/blob/af21eedf31cc9778b6daf9084c205cb8ccad018e/src/main/java/org/owasp/benchmark/testcode/BenchmarkTest00571.java#L76"",""Github"")"|argument|incompatible argument for parameter dir of exec.
00575|82|"=HYPERLINK(""https://github.com/nimakarimipour/BenchmarkJavaGradle/blob/af21eedf31cc9778b6daf9084c205cb8ccad018e/src/main/java/org/owasp/benchmark/testcode/BenchmarkTest00575.java#L82"",""Github"")"|argument|incompatible argument for parameter dir of exec.
00576|74|"=HYPERLINK(""https://github.com/nimakarimipour/BenchmarkJavaGradle/blob/af21eedf31cc9778b6daf9084c205cb8ccad018e/src/main/java/org/owasp/benchmark/testcode/BenchmarkTest00576.java#L74"",""Github"")"|argument|incompatible argument for parameter dir of exec.
00587|68|"=HYPERLINK(""https://github.com/nimakarimipour/BenchmarkJavaGradle/blob/af21eedf31cc9778b6daf9084c205cb8ccad018e/src/main/java/org/owasp/benchmark/testcode/BenchmarkTest00587.java#L68"",""Github"")"|argument|incompatible argument for parameter arg1 of setAttribute.
00588|66|"=HYPERLINK(""https://github.com/nimakarimipour/BenchmarkJavaGradle/blob/af21eedf31cc9778b6daf9084c205cb8ccad018e/src/main/java/org/owasp/benchmark/testcode/BenchmarkTest00588.java#L66"",""Github"")"|argument|incompatible argument for parameter arg1 of setAttribute.
00659|79|"=HYPERLINK(""https://github.com/nimakarimipour/BenchmarkJavaGradle/blob/af21eedf31cc9778b6daf9084c205cb8ccad018e/src/main/java/org/owasp/benchmark/testcode/BenchmarkTest00659.java#L79"",""Github"")"|argument|incompatible argument for parameter dir of exec.
00742|66|"=HYPERLINK(""https://github.com/nimakarimipour/BenchmarkJavaGradle/blob/af21eedf31cc9778b6daf9084c205cb8ccad018e/src/main/java/org/owasp/benchmark/testcode/BenchmarkTest00742.java#L66"",""Github"")"|argument|incompatible argument for parameter dir of exec.
00743|75|"=HYPERLINK(""https://github.com/nimakarimipour/BenchmarkJavaGradle/blob/af21eedf31cc9778b6daf9084c205cb8ccad018e/src/main/java/org/owasp/benchmark/testcode/BenchmarkTest00743.java#L75"",""Github"")"|argument|incompatible argument for parameter dir of exec.
00757|70|"=HYPERLINK(""https://github.com/nimakarimipour/BenchmarkJavaGradle/blob/af21eedf31cc9778b6daf9084c205cb8ccad018e/src/main/java/org/owasp/benchmark/testcode/BenchmarkTest00757.java#L70"",""Github"")"|argument|incompatible argument for parameter arg1 of setAttribute.
00758|61|"=HYPERLINK(""https://github.com/nimakarimipour/BenchmarkJavaGradle/blob/af21eedf31cc9778b6daf9084c205cb8ccad018e/src/main/java/org/owasp/benchmark/testcode/BenchmarkTest00758.java#L61"",""Github"")"|argument|incompatible argument for parameter arg0 of setAttribute.
00759|54|"=HYPERLINK(""https://github.com/nimakarimipour/BenchmarkJavaGradle/blob/af21eedf31cc9778b6daf9084c205cb8ccad018e/src/main/java/org/owasp/benchmark/testcode/BenchmarkTest00759.java#L54"",""Github"")"|argument|incompatible argument for parameter arg0 of setAttribute.
00824|99|"=HYPERLINK(""https://github.com/nimakarimipour/BenchmarkJavaGradle/blob/af21eedf31cc9778b6daf9084c205cb8ccad018e/src/main/java/org/owasp/benchmark/testcode/BenchmarkTest00824.java#L99"",""Github"")"|argument|incompatible argument for parameter dir of exec.
00825|82|"=HYPERLINK(""https://github.com/nimakarimipour/BenchmarkJavaGradle/blob/af21eedf31cc9778b6daf9084c205cb8ccad018e/src/main/java/org/owasp/benchmark/testcode/BenchmarkTest00825.java#L82"",""Github"")"|argument|incompatible argument for parameter dir of exec.
00826|86|"=HYPERLINK(""https://github.com/nimakarimipour/BenchmarkJavaGradle/blob/af21eedf31cc9778b6daf9084c205cb8ccad018e/src/main/java/org/owasp/benchmark/testcode/BenchmarkTest00826.java#L86"",""Github"")"|argument|incompatible argument for parameter dir of exec.
00827|87|"=HYPERLINK(""https://github.com/nimakarimipour/BenchmarkJavaGradle/blob/af21eedf31cc9778b6daf9084c205cb8ccad018e/src/main/java/org/owasp/benchmark/testcode/BenchmarkTest00827.java#L87"",""Github"")"|argument|incompatible argument for parameter dir of exec.
00834|78|"=HYPERLINK(""https://github.com/nimakarimipour/BenchmarkJavaGradle/blob/af21eedf31cc9778b6daf9084c205cb8ccad018e/src/main/java/org/owasp/benchmark/testcode/BenchmarkTest00834.java#L78"",""Github"")"|argument|incompatible argument for parameter arg0 of setAttribute.
00835|82|"=HYPERLINK(""https://github.com/nimakarimipour/BenchmarkJavaGradle/blob/af21eedf31cc9778b6daf9084c205cb8ccad018e/src/main/java/org/owasp/benchmark/testcode/BenchmarkTest00835.java#L82"",""Github"")"|argument|incompatible argument for parameter arg0 of setAttribute.
00836|73|"=HYPERLINK(""https://github.com/nimakarimipour/BenchmarkJavaGradle/blob/af21eedf31cc9778b6daf9084c205cb8ccad018e/src/main/java/org/owasp/benchmark/testcode/BenchmarkTest00836.java#L73"",""Github"")"|argument|incompatible argument for parameter arg0 of setAttribute.
00909|63|"=HYPERLINK(""https://github.com/nimakarimipour/BenchmarkJavaGradle/blob/af21eedf31cc9778b6daf9084c205cb8ccad018e/src/main/java/org/owasp/benchmark/testcode/BenchmarkTest00909.java#L63"",""Github"")"|argument|incompatible argument for parameter dir of exec.
00910|64|"=HYPERLINK(""https://github.com/nimakarimipour/BenchmarkJavaGradle/blob/af21eedf31cc9778b6daf9084c205cb8ccad018e/src/main/java/org/owasp/benchmark/testcode/BenchmarkTest00910.java#L64"",""Github"")"|argument|incompatible argument for parameter dir of exec.
00922|69|"=HYPERLINK(""https://github.com/nimakarimipour/BenchmarkJavaGradle/blob/af21eedf31cc9778b6daf9084c205cb8ccad018e/src/main/java/org/owasp/benchmark/testcode/BenchmarkTest00922.java#L69"",""Github"")"|argument|incompatible argument for parameter arg1 of setAttribute.
00923|50|"=HYPERLINK(""https://github.com/nimakarimipour/BenchmarkJavaGradle/blob/af21eedf31cc9778b6daf9084c205cb8ccad018e/src/main/java/org/owasp/benchmark/testcode/BenchmarkTest00923.java#L50"",""Github"")"|argument|incompatible argument for parameter arg0 of setAttribute.
00981|89|"=HYPERLINK(""https://github.com/nimakarimipour/BenchmarkJavaGradle/blob/af21eedf31cc9778b6daf9084c205cb8ccad018e/src/main/java/org/owasp/benchmark/testcode/BenchmarkTest00981.java#L89"",""Github"")"|argument|incompatible argument for parameter dir of exec.
00982|76|"=HYPERLINK(""https://github.com/nimakarimipour/BenchmarkJavaGradle/blob/af21eedf31cc9778b6daf9084c205cb8ccad018e/src/main/java/org/owasp/benchmark/testcode/BenchmarkTest00982.java#L76"",""Github"")"|argument|incompatible argument for parameter dir of exec.
00995|68|"=HYPERLINK(""https://github.com/nimakarimipour/BenchmarkJavaGradle/blob/af21eedf31cc9778b6daf9084c205cb8ccad018e/src/main/java/org/owasp/benchmark/testcode/BenchmarkTest00995.java#L68"",""Github"")"|argument|incompatible argument for parameter arg1 of setAttribute.
01068|63|"=HYPERLINK(""https://github.com/nimakarimipour/BenchmarkJavaGradle/blob/af21eedf31cc9778b6daf9084c205cb8ccad018e/src/main/java/org/owasp/benchmark/testcode/BenchmarkTest01068.java#L63"",""Github"")"|argument|incompatible argument for parameter dir of exec.
01081|54|"=HYPERLINK(""https://github.com/nimakarimipour/BenchmarkJavaGradle/blob/af21eedf31cc9778b6daf9084c205cb8ccad018e/src/main/java/org/owasp/benchmark/testcode/BenchmarkTest01081.java#L54"",""Github"")"|argument|incompatible argument for parameter arg1 of setAttribute.
01082|54|"=HYPERLINK(""https://github.com/nimakarimipour/BenchmarkJavaGradle/blob/af21eedf31cc9778b6daf9084c205cb8ccad018e/src/main/java/org/owasp/benchmark/testcode/BenchmarkTest01082.java#L54"",""Github"")"|argument|incompatible argument for parameter arg1 of setAttribute.
01144|64|"=HYPERLINK(""https://github.com/nimakarimipour/BenchmarkJavaGradle/blob/af21eedf31cc9778b6daf9084c205cb8ccad018e/src/main/java/org/owasp/benchmark/testcode/BenchmarkTest01144.java#L64"",""Github"")"|argument|incompatible argument for parameter arg0 of setAttribute.
01145|64|"=HYPERLINK(""https://github.com/nimakarimipour/BenchmarkJavaGradle/blob/af21eedf31cc9778b6daf9084c205cb8ccad018e/src/main/java/org/owasp/benchmark/testcode/BenchmarkTest01145.java#L64"",""Github"")"|argument|incompatible argument for parameter arg0 of setAttribute.
01146|64|"=HYPERLINK(""https://github.com/nimakarimipour/BenchmarkJavaGradle/blob/af21eedf31cc9778b6daf9084c205cb8ccad018e/src/main/java/org/owasp/benchmark/testcode/BenchmarkTest01146.java#L64"",""Github"")"|argument|incompatible argument for parameter arg0 of setAttribute.
01193|78|"=HYPERLINK(""https://github.com/nimakarimipour/BenchmarkJavaGradle/blob/af21eedf31cc9778b6daf9084c205cb8ccad018e/src/main/java/org/owasp/benchmark/testcode/BenchmarkTest01193.java#L78"",""Github"")"|argument|incompatible argument for parameter dir of exec.
01207|56|"=HYPERLINK(""https://github.com/nimakarimipour/BenchmarkJavaGradle/blob/af21eedf31cc9778b6daf9084c205cb8ccad018e/src/main/java/org/owasp/benchmark/testcode/BenchmarkTest01207.java#L56"",""Github"")"|argument|incompatible argument for parameter arg1 of setAttribute.
01288|57|"=HYPERLINK(""https://github.com/nimakarimipour/BenchmarkJavaGradle/blob/af21eedf31cc9778b6daf9084c205cb8ccad018e/src/main/java/org/owasp/benchmark/testcode/BenchmarkTest01288.java#L57"",""Github"")"|argument|incompatible argument for parameter dir of exec.
01362|75|"=HYPERLINK(""https://github.com/nimakarimipour/BenchmarkJavaGradle/blob/af21eedf31cc9778b6daf9084c205cb8ccad018e/src/main/java/org/owasp/benchmark/testcode/BenchmarkTest01362.java#L75"",""Github"")"|argument|incompatible argument for parameter dir of exec.
01365|62|"=HYPERLINK(""https://github.com/nimakarimipour/BenchmarkJavaGradle/blob/af21eedf31cc9778b6daf9084c205cb8ccad018e/src/main/java/org/owasp/benchmark/testcode/BenchmarkTest01365.java#L62"",""Github"")"|argument|incompatible argument for parameter dir of exec.
01376|53|"=HYPERLINK(""https://github.com/nimakarimipour/BenchmarkJavaGradle/blob/af21eedf31cc9778b6daf9084c205cb8ccad018e/src/main/java/org/owasp/benchmark/testcode/BenchmarkTest01376.java#L53"",""Github"")"|argument|incompatible argument for parameter arg0 of setAttribute.
01377|53|"=HYPERLINK(""https://github.com/nimakarimipour/BenchmarkJavaGradle/blob/af21eedf31cc9778b6daf9084c205cb8ccad018e/src/main/java/org/owasp/benchmark/testcode/BenchmarkTest01377.java#L53"",""Github"")"|argument|incompatible argument for parameter arg0 of setAttribute.
01446|72|"=HYPERLINK(""https://github.com/nimakarimipour/BenchmarkJavaGradle/blob/af21eedf31cc9778b6daf9084c205cb8ccad018e/src/main/java/org/owasp/benchmark/testcode/BenchmarkTest01446.java#L72"",""Github"")"|argument|incompatible argument for parameter dir of exec.
01458|63|"=HYPERLINK(""https://github.com/nimakarimipour/BenchmarkJavaGradle/blob/af21eedf31cc9778b6daf9084c205cb8ccad018e/src/main/java/org/owasp/benchmark/testcode/BenchmarkTest01458.java#L63"",""Github"")"|argument|incompatible argument for parameter arg1 of setAttribute.
01532|60|"=HYPERLINK(""https://github.com/nimakarimipour/BenchmarkJavaGradle/blob/af21eedf31cc9778b6daf9084c205cb8ccad018e/src/main/java/org/owasp/benchmark/testcode/BenchmarkTest01532.java#L60"",""Github"")"|argument|incompatible argument for parameter dir of exec.
01533|56|"=HYPERLINK(""https://github.com/nimakarimipour/BenchmarkJavaGradle/blob/af21eedf31cc9778b6daf9084c205cb8ccad018e/src/main/java/org/owasp/benchmark/testcode/BenchmarkTest01533.java#L56"",""Github"")"|argument|incompatible argument for parameter dir of exec.
01549|51|"=HYPERLINK(""https://github.com/nimakarimipour/BenchmarkJavaGradle/blob/af21eedf31cc9778b6daf9084c205cb8ccad018e/src/main/java/org/owasp/benchmark/testcode/BenchmarkTest01549.java#L51"",""Github"")"|argument|incompatible argument for parameter arg0 of setAttribute.
01550|51|"=HYPERLINK(""https://github.com/nimakarimipour/BenchmarkJavaGradle/blob/af21eedf31cc9778b6daf9084c205cb8ccad018e/src/main/java/org/owasp/benchmark/testcode/BenchmarkTest01550.java#L51"",""Github"")"|argument|incompatible argument for parameter arg0 of setAttribute.
01551|51|"=HYPERLINK(""https://github.com/nimakarimipour/BenchmarkJavaGradle/blob/af21eedf31cc9778b6daf9084c205cb8ccad018e/src/main/java/org/owasp/benchmark/testcode/BenchmarkTest01551.java#L51"",""Github"")"|argument|incompatible argument for parameter arg0 of setAttribute.
01608|59|"=HYPERLINK(""https://github.com/nimakarimipour/BenchmarkJavaGradle/blob/af21eedf31cc9778b6daf9084c205cb8ccad018e/src/main/java/org/owasp/benchmark/testcode/BenchmarkTest01608.java#L59"",""Github"")"|argument|incompatible argument for parameter dir of exec.
01609|60|"=HYPERLINK(""https://github.com/nimakarimipour/BenchmarkJavaGradle/blob/af21eedf31cc9778b6daf9084c205cb8ccad018e/src/main/java/org/owasp/benchmark/testcode/BenchmarkTest01609.java#L60"",""Github"")"|argument|incompatible argument for parameter dir of exec.
01610|60|"=HYPERLINK(""https://github.com/nimakarimipour/BenchmarkJavaGradle/blob/af21eedf31cc9778b6daf9084c205cb8ccad018e/src/main/java/org/owasp/benchmark/testcode/BenchmarkTest01610.java#L60"",""Github"")"|argument|incompatible argument for parameter dir of exec.
01617|51|"=HYPERLINK(""https://github.com/nimakarimipour/BenchmarkJavaGradle/blob/af21eedf31cc9778b6daf9084c205cb8ccad018e/src/main/java/org/owasp/benchmark/testcode/BenchmarkTest01617.java#L51"",""Github"")"|argument|incompatible argument for parameter arg1 of setAttribute.
01618|51|"=HYPERLINK(""https://github.com/nimakarimipour/BenchmarkJavaGradle/blob/af21eedf31cc9778b6daf9084c205cb8ccad018e/src/main/java/org/owasp/benchmark/testcode/BenchmarkTest01618.java#L51"",""Github"")"|argument|incompatible argument for parameter arg0 of setAttribute.
01619|51|"=HYPERLINK(""https://github.com/nimakarimipour/BenchmarkJavaGradle/blob/af21eedf31cc9778b6daf9084c205cb8ccad018e/src/main/java/org/owasp/benchmark/testcode/BenchmarkTest01619.java#L51"",""Github"")"|argument|incompatible argument for parameter arg0 of setAttribute.
01687|94|"=HYPERLINK(""https://github.com/nimakarimipour/BenchmarkJavaGradle/blob/af21eedf31cc9778b6daf9084c205cb8ccad018e/src/main/java/org/owasp/benchmark/testcode/BenchmarkTest01687.java#L94"",""Github"")"|argument|incompatible argument for parameter dir of exec.
01692|81|"=HYPERLINK(""https://github.com/nimakarimipour/BenchmarkJavaGradle/blob/af21eedf31cc9778b6daf9084c205cb8ccad018e/src/main/java/org/owasp/benchmark/testcode/BenchmarkTest01692.java#L81"",""Github"")"|argument|incompatible argument for parameter dir of exec.
01693|81|"=HYPERLINK(""https://github.com/nimakarimipour/BenchmarkJavaGradle/blob/af21eedf31cc9778b6daf9084c205cb8ccad018e/src/main/java/org/owasp/benchmark/testcode/BenchmarkTest01693.java#L81"",""Github"")"|argument|incompatible argument for parameter dir of exec.
01710|72|"=HYPERLINK(""https://github.com/nimakarimipour/BenchmarkJavaGradle/blob/af21eedf31cc9778b6daf9084c205cb8ccad018e/src/main/java/org/owasp/benchmark/testcode/BenchmarkTest01710.java#L72"",""Github"")"|argument|incompatible argument for parameter arg0 of setAttribute.
01711|72|"=HYPERLINK(""https://github.com/nimakarimipour/BenchmarkJavaGradle/blob/af21eedf31cc9778b6daf9084c205cb8ccad018e/src/main/java/org/owasp/benchmark/testcode/BenchmarkTest01711.java#L72"",""Github"")"|argument|incompatible argument for parameter arg0 of setAttribute.
01794|72|"=HYPERLINK(""https://github.com/nimakarimipour/BenchmarkJavaGradle/blob/af21eedf31cc9778b6daf9084c205cb8ccad018e/src/main/java/org/owasp/benchmark/testcode/BenchmarkTest01794.java#L72"",""Github"")"|argument|incompatible argument for parameter dir of exec.
01795|58|"=HYPERLINK(""https://github.com/nimakarimipour/BenchmarkJavaGradle/blob/af21eedf31cc9778b6daf9084c205cb8ccad018e/src/main/java/org/owasp/benchmark/testcode/BenchmarkTest01795.java#L58"",""Github"")"|argument|incompatible argument for parameter dir of exec.
01796|58|"=HYPERLINK(""https://github.com/nimakarimipour/BenchmarkJavaGradle/blob/af21eedf31cc9778b6daf9084c205cb8ccad018e/src/main/java/org/owasp/benchmark/testcode/BenchmarkTest01796.java#L58"",""Github"")"|argument|incompatible argument for parameter dir of exec.
01874|68|"=HYPERLINK(""https://github.com/nimakarimipour/BenchmarkJavaGradle/blob/af21eedf31cc9778b6daf9084c205cb8ccad018e/src/main/java/org/owasp/benchmark/testcode/BenchmarkTest01874.java#L68"",""Github"")"|argument|incompatible argument for parameter arg1 of setAttribute.
01875|68|"=HYPERLINK(""https://github.com/nimakarimipour/BenchmarkJavaGradle/blob/af21eedf31cc9778b6daf9084c205cb8ccad018e/src/main/java/org/owasp/benchmark/testcode/BenchmarkTest01875.java#L68"",""Github"")"|argument|incompatible argument for parameter arg1 of setAttribute.
01876|68|"=HYPERLINK(""https://github.com/nimakarimipour/BenchmarkJavaGradle/blob/af21eedf31cc9778b6daf9084c205cb8ccad018e/src/main/java/org/owasp/benchmark/testcode/BenchmarkTest01876.java#L68"",""Github"")"|argument|incompatible argument for parameter arg0 of setAttribute.
01938|76|"=HYPERLINK(""https://github.com/nimakarimipour/BenchmarkJavaGradle/blob/af21eedf31cc9778b6daf9084c205cb8ccad018e/src/main/java/org/owasp/benchmark/testcode/BenchmarkTest01938.java#L76"",""Github"")"|argument|incompatible argument for parameter dir of exec.
01939|62|"=HYPERLINK(""https://github.com/nimakarimipour/BenchmarkJavaGradle/blob/af21eedf31cc9778b6daf9084c205cb8ccad018e/src/main/java/org/owasp/benchmark/testcode/BenchmarkTest01939.java#L62"",""Github"")"|argument|incompatible argument for parameter dir of exec.
01942|63|"=HYPERLINK(""https://github.com/nimakarimipour/BenchmarkJavaGradle/blob/af21eedf31cc9778b6daf9084c205cb8ccad018e/src/main/java/org/owasp/benchmark/testcode/BenchmarkTest01942.java#L63"",""Github"")"|argument|incompatible argument for parameter dir of exec.
01943|63|"=HYPERLINK(""https://github.com/nimakarimipour/BenchmarkJavaGradle/blob/af21eedf31cc9778b6daf9084c205cb8ccad018e/src/main/java/org/owasp/benchmark/testcode/BenchmarkTest01943.java#L63"",""Github"")"|argument|incompatible argument for parameter dir of exec.
01944|63|"=HYPERLINK(""https://github.com/nimakarimipour/BenchmarkJavaGradle/blob/af21eedf31cc9778b6daf9084c205cb8ccad018e/src/main/java/org/owasp/benchmark/testcode/BenchmarkTest01944.java#L63"",""Github"")"|argument|incompatible argument for parameter dir of exec.
01959|54|"=HYPERLINK(""https://github.com/nimakarimipour/BenchmarkJavaGradle/blob/af21eedf31cc9778b6daf9084c205cb8ccad018e/src/main/java/org/owasp/benchmark/testcode/BenchmarkTest01959.java#L54"",""Github"")"|argument|incompatible argument for parameter arg0 of setAttribute.
01960|54|"=HYPERLINK(""https://github.com/nimakarimipour/BenchmarkJavaGradle/blob/af21eedf31cc9778b6daf9084c205cb8ccad018e/src/main/java/org/owasp/benchmark/testcode/BenchmarkTest01960.java#L54"",""Github"")"|argument|incompatible argument for parameter arg0 of setAttribute.
02068|64|"=HYPERLINK(""https://github.com/nimakarimipour/BenchmarkJavaGradle/blob/af21eedf31cc9778b6daf9084c205cb8ccad018e/src/main/java/org/owasp/benchmark/testcode/BenchmarkTest02068.java#L64"",""Github"")"|argument|incompatible argument for parameter dir of exec.
02070|61|"=HYPERLINK(""https://github.com/nimakarimipour/BenchmarkJavaGradle/blob/af21eedf31cc9778b6daf9084c205cb8ccad018e/src/main/java/org/owasp/benchmark/testcode/BenchmarkTest02070.java#L61"",""Github"")"|argument|incompatible argument for parameter dir of exec.
02084|56|"=HYPERLINK(""https://github.com/nimakarimipour/BenchmarkJavaGradle/blob/af21eedf31cc9778b6daf9084c205cb8ccad018e/src/main/java/org/owasp/benchmark/testcode/BenchmarkTest02084.java#L56"",""Github"")"|argument|incompatible argument for parameter arg0 of setAttribute.
02085|56|"=HYPERLINK(""https://github.com/nimakarimipour/BenchmarkJavaGradle/blob/af21eedf31cc9778b6daf9084c205cb8ccad018e/src/main/java/org/owasp/benchmark/testcode/BenchmarkTest02085.java#L56"",""Github"")"|argument|incompatible argument for parameter arg0 of setAttribute.
02086|56|"=HYPERLINK(""https://github.com/nimakarimipour/BenchmarkJavaGradle/blob/af21eedf31cc9778b6daf9084c205cb8ccad018e/src/main/java/org/owasp/benchmark/testcode/BenchmarkTest02086.java#L56"",""Github"")"|argument|incompatible argument for parameter arg0 of setAttribute.
02151|71|"=HYPERLINK(""https://github.com/nimakarimipour/BenchmarkJavaGradle/blob/af21eedf31cc9778b6daf9084c205cb8ccad018e/src/main/java/org/owasp/benchmark/testcode/BenchmarkTest02151.java#L71"",""Github"")"|argument|incompatible argument for parameter dir of exec.
02152|71|"=HYPERLINK(""https://github.com/nimakarimipour/BenchmarkJavaGradle/blob/af21eedf31cc9778b6daf9084c205cb8ccad018e/src/main/java/org/owasp/benchmark/testcode/BenchmarkTest02152.java#L71"",""Github"")"|argument|incompatible argument for parameter dir of exec.
02153|57|"=HYPERLINK(""https://github.com/nimakarimipour/BenchmarkJavaGradle/blob/af21eedf31cc9778b6daf9084c205cb8ccad018e/src/main/java/org/owasp/benchmark/testcode/BenchmarkTest02153.java#L57"",""Github"")"|argument|incompatible argument for parameter dir of exec.
02154|58|"=HYPERLINK(""https://github.com/nimakarimipour/BenchmarkJavaGradle/blob/af21eedf31cc9778b6daf9084c205cb8ccad018e/src/main/java/org/owasp/benchmark/testcode/BenchmarkTest02154.java#L58"",""Github"")"|argument|incompatible argument for parameter dir of exec.
02155|54|"=HYPERLINK(""https://github.com/nimakarimipour/BenchmarkJavaGradle/blob/af21eedf31cc9778b6daf9084c205cb8ccad018e/src/main/java/org/owasp/benchmark/testcode/BenchmarkTest02155.java#L54"",""Github"")"|argument|incompatible argument for parameter dir of exec.
02156|54|"=HYPERLINK(""https://github.com/nimakarimipour/BenchmarkJavaGradle/blob/af21eedf31cc9778b6daf9084c205cb8ccad018e/src/main/java/org/owasp/benchmark/testcode/BenchmarkTest02156.java#L54"",""Github"")"|argument|incompatible argument for parameter dir of exec.
02167|49|"=HYPERLINK(""https://github.com/nimakarimipour/BenchmarkJavaGradle/blob/af21eedf31cc9778b6daf9084c205cb8ccad018e/src/main/java/org/owasp/benchmark/testcode/BenchmarkTest02167.java#L49"",""Github"")"|argument|incompatible argument for parameter arg0 of setAttribute.
02168|49|"=HYPERLINK(""https://github.com/nimakarimipour/BenchmarkJavaGradle/blob/af21eedf31cc9778b6daf9084c205cb8ccad018e/src/main/java/org/owasp/benchmark/testcode/BenchmarkTest02168.java#L49"",""Github"")"|argument|incompatible argument for parameter arg0 of setAttribute.
02252|75|"=HYPERLINK(""https://github.com/nimakarimipour/BenchmarkJavaGradle/blob/af21eedf31cc9778b6daf9084c205cb8ccad018e/src/main/java/org/owasp/benchmark/testcode/BenchmarkTest02252.java#L75"",""Github"")"|argument|incompatible argument for parameter dir of exec.
02253|75|"=HYPERLINK(""https://github.com/nimakarimipour/BenchmarkJavaGradle/blob/af21eedf31cc9778b6daf9084c205cb8ccad018e/src/main/java/org/owasp/benchmark/testcode/BenchmarkTest02253.java#L75"",""Github"")"|argument|incompatible argument for parameter dir of exec.
02263|53|"=HYPERLINK(""https://github.com/nimakarimipour/BenchmarkJavaGradle/blob/af21eedf31cc9778b6daf9084c205cb8ccad018e/src/main/java/org/owasp/benchmark/testcode/BenchmarkTest02263.java#L53"",""Github"")"|argument|incompatible argument for parameter arg1 of setAttribute.
02341|71|"=HYPERLINK(""https://github.com/nimakarimipour/BenchmarkJavaGradle/blob/af21eedf31cc9778b6daf9084c205cb8ccad018e/src/main/java/org/owasp/benchmark/testcode/BenchmarkTest02341.java#L71"",""Github"")"|argument|incompatible argument for parameter dir of exec.
02343|72|"=HYPERLINK(""https://github.com/nimakarimipour/BenchmarkJavaGradle/blob/af21eedf31cc9778b6daf9084c205cb8ccad018e/src/main/java/org/owasp/benchmark/testcode/BenchmarkTest02343.java#L72"",""Github"")"|argument|incompatible argument for parameter dir of exec.
02344|68|"=HYPERLINK(""https://github.com/nimakarimipour/BenchmarkJavaGradle/blob/af21eedf31cc9778b6daf9084c205cb8ccad018e/src/main/java/org/owasp/benchmark/testcode/BenchmarkTest02344.java#L68"",""Github"")"|argument|incompatible argument for parameter dir of exec.
02352|63|"=HYPERLINK(""https://github.com/nimakarimipour/BenchmarkJavaGradle/blob/af21eedf31cc9778b6daf9084c205cb8ccad018e/src/main/java/org/owasp/benchmark/testcode/BenchmarkTest02352.java#L63"",""Github"")"|argument|incompatible argument for parameter arg1 of setAttribute.
02432|73|"=HYPERLINK(""https://github.com/nimakarimipour/BenchmarkJavaGradle/blob/af21eedf31cc9778b6daf9084c205cb8ccad018e/src/main/java/org/owasp/benchmark/testcode/BenchmarkTest02432.java#L73"",""Github"")"|argument|incompatible argument for parameter dir of exec.
02433|73|"=HYPERLINK(""https://github.com/nimakarimipour/BenchmarkJavaGradle/blob/af21eedf31cc9778b6daf9084c205cb8ccad018e/src/main/java/org/owasp/benchmark/testcode/BenchmarkTest02433.java#L73"",""Github"")"|argument|incompatible argument for parameter dir of exec.
02448|51|"=HYPERLINK(""https://github.com/nimakarimipour/BenchmarkJavaGradle/blob/af21eedf31cc9778b6daf9084c205cb8ccad018e/src/main/java/org/owasp/benchmark/testcode/BenchmarkTest02448.java#L51"",""Github"")"|argument|incompatible argument for parameter arg1 of setAttribute.
02512|59|"=HYPERLINK(""https://github.com/nimakarimipour/BenchmarkJavaGradle/blob/af21eedf31cc9778b6daf9084c205cb8ccad018e/src/main/java/org/owasp/benchmark/testcode/BenchmarkTest02512.java#L59"",""Github"")"|argument|incompatible argument for parameter dir of exec.
02513|59|"=HYPERLINK(""https://github.com/nimakarimipour/BenchmarkJavaGradle/blob/af21eedf31cc9778b6daf9084c205cb8ccad018e/src/main/java/org/owasp/benchmark/testcode/BenchmarkTest02513.java#L59"",""Github"")"|argument|incompatible argument for parameter dir of exec.
02516|56|"=HYPERLINK(""https://github.com/nimakarimipour/BenchmarkJavaGradle/blob/af21eedf31cc9778b6daf9084c205cb8ccad018e/src/main/java/org/owasp/benchmark/testcode/BenchmarkTest02516.java#L56"",""Github"")"|argument|incompatible argument for parameter dir of exec.
02517|56|"=HYPERLINK(""https://github.com/nimakarimipour/BenchmarkJavaGradle/blob/af21eedf31cc9778b6daf9084c205cb8ccad018e/src/main/java/org/owasp/benchmark/testcode/BenchmarkTest02517.java#L56"",""Github"")"|argument|incompatible argument for parameter dir of exec.
02518|56|"=HYPERLINK(""https://github.com/nimakarimipour/BenchmarkJavaGradle/blob/af21eedf31cc9778b6daf9084c205cb8ccad018e/src/main/java/org/owasp/benchmark/testcode/BenchmarkTest02518.java#L56"",""Github"")"|argument|incompatible argument for parameter dir of exec.
02527|51|"=HYPERLINK(""https://github.com/nimakarimipour/BenchmarkJavaGradle/blob/af21eedf31cc9778b6daf9084c205cb8ccad018e/src/main/java/org/owasp/benchmark/testcode/BenchmarkTest02527.java#L51"",""Github"")"|argument|incompatible argument for parameter arg1 of setAttribute.
02611|94|"=HYPERLINK(""https://github.com/nimakarimipour/BenchmarkJavaGradle/blob/af21eedf31cc9778b6daf9084c205cb8ccad018e/src/main/java/org/owasp/benchmark/testcode/BenchmarkTest02611.java#L94"",""Github"")"|argument|incompatible argument for parameter dir of exec.
02612|80|"=HYPERLINK(""https://github.com/nimakarimipour/BenchmarkJavaGradle/blob/af21eedf31cc9778b6daf9084c205cb8ccad018e/src/main/java/org/owasp/benchmark/testcode/BenchmarkTest02612.java#L80"",""Github"")"|argument|incompatible argument for parameter dir of exec.
02613|77|"=HYPERLINK(""https://github.com/nimakarimipour/BenchmarkJavaGradle/blob/af21eedf31cc9778b6daf9084c205cb8ccad018e/src/main/java/org/owasp/benchmark/testcode/BenchmarkTest02613.java#L77"",""Github"")"|argument|incompatible argument for parameter dir of exec.
02622|72|"=HYPERLINK(""https://github.com/nimakarimipour/BenchmarkJavaGradle/blob/af21eedf31cc9778b6daf9084c205cb8ccad018e/src/main/java/org/owasp/benchmark/testcode/BenchmarkTest02622.java#L72"",""Github"")"|argument|incompatible argument for parameter arg1 of setAttribute.
02623|72|"=HYPERLINK(""https://github.com/nimakarimipour/BenchmarkJavaGradle/blob/af21eedf31cc9778b6daf9084c205cb8ccad018e/src/main/java/org/owasp/benchmark/testcode/BenchmarkTest02623.java#L72"",""Github"")"|argument|incompatible argument for parameter arg0 of setAttribute.
02624|72|"=HYPERLINK(""https://github.com/nimakarimipour/BenchmarkJavaGradle/blob/af21eedf31cc9778b6daf9084c205cb8ccad018e/src/main/java/org/owasp/benchmark/testcode/BenchmarkTest02624.java#L72"",""Github"")"|argument|incompatible argument for parameter arg0 of setAttribute.
02713|58|"=HYPERLINK(""https://github.com/nimakarimipour/BenchmarkJavaGradle/blob/af21eedf31cc9778b6daf9084c205cb8ccad018e/src/main/java/org/owasp/benchmark/testcode/BenchmarkTest02713.java#L58"",""Github"")"|argument|incompatible argument for parameter dir of exec.
02714|55|"=HYPERLINK(""https://github.com/nimakarimipour/BenchmarkJavaGradle/blob/af21eedf31cc9778b6daf9084c205cb8ccad018e/src/main/java/org/owasp/benchmark/testcode/BenchmarkTest02714.java#L55"",""Github"")"|argument|incompatible argument for parameter dir of exec.
02725|50|"=HYPERLINK(""https://github.com/nimakarimipour/BenchmarkJavaGradle/blob/af21eedf31cc9778b6daf9084c205cb8ccad018e/src/main/java/org/owasp/benchmark/testcode/BenchmarkTest02725.java#L50"",""Github"")"|argument|incompatible argument for parameter arg0 of setAttribute.
02726|50|"=HYPERLINK(""https://github.com/nimakarimipour/BenchmarkJavaGradle/blob/af21eedf31cc9778b6daf9084c205cb8ccad018e/src/main/java/org/owasp/benchmark/testcode/BenchmarkTest02726.java#L50"",""Github"")"|argument|incompatible argument for parameter arg0 of setAttribute.
